headset,laptop,laptop,
mouse,
mouse,
laptop,keyboard,
laptop,laptop,keyboard,
laptop,keyboard,keyboard,
mouse,headset,keyboard,
mouse,
headset,
keyboard,headset,keyboard,
mouse,laptop,laptop,keyboard,
laptop,mouse,keyboard,
mouse,mouse,
mouse,
laptop,
laptop,
mouse,mouse,mouse,mouse,
mouse,mouse,mouse,mouse,
laptop,laptop,
headset,keyboard,mouse,mouse,
headset,
mouse,mouse,
laptop,mouse,
keyboard,headset,
mouse,keyboard,laptop,headset,
headset,laptop,headset,laptop,
headset,mouse,keyboard,
mouse,laptop,
mouse,laptop,headset,
mouse,headset,keyboard,laptop,
keyboard,headset,mouse,
headset,laptop,headset,
mouse,keyboard,laptop,laptop,
keyboard,laptop,
mouse,laptop,mouse,
headset,laptop,laptop,
headset,headset,
mouse,
keyboard,keyboard,keyboard,
laptop,laptop,keyboard,
headset,headset,headset,keyboard,
keyboard,laptop,headset,
keyboard,laptop,mouse,
laptop,headset,laptop,mouse,
keyboard,headset,keyboard,headset,
keyboard,
keyboard,mouse,
headset,
headset,headset,keyboard,keyboard,
mouse,headset,headset,
